{
  "content": [
    {
      "path": "ContentInfo/hamman2118-banana-duck/Thumbnail.jpg",
      "size": 5446,
      "date": 133234919653474319
    },
    {
      "path": "SimObjects/Airplanes/hamman2118-banana-duck/aircraft.cfg",
      "size": 2092,
      "date": 133487963971265964
    },
    {
      "path": "SimObjects/Airplanes/hamman2118-banana-duck/cameras.cfg",
      "size": 74599,
      "date": 133487918169531900
    },
    {
      "path": "SimObjects/Airplanes/hamman2118-banana-duck/cockpit.cfg",
      "size": 4838,
      "date": 133234945585428972
    },
    {
      "path": "SimObjects/Airplanes/hamman2118-banana-duck/engines.cfg",
      "size": 11120,
      "date": 133234945585428972
    },
    {
      "path": "SimObjects/Airplanes/hamman2118-banana-duck/flight_model.cfg",
      "size": 19169,
      "date": 133487918169604704
    },
    {
      "path": "SimObjects/Airplanes/hamman2118-banana-duck/gameplay.cfg",
      "size": 1151,
      "date": 133487918169715627
    },
    {
      "path": "SimObjects/Airplanes/hamman2118-banana-duck/model/duck.bin",
      "size": 722664,
      "date": 133487959206604988
    },
    {
      "path": "SimObjects/Airplanes/hamman2118-banana-duck/model/duck.gltf",
      "size": 9536,
      "date": 133487959206604988
    },
    {
      "path": "SimObjects/Airplanes/hamman2118-banana-duck/model/duck.xml",
      "size": 184,
      "date": 133487958520701759
    },
    {
      "path": "SimObjects/Airplanes/hamman2118-banana-duck/model/model.CFG",
      "size": 27,
      "date": 133487919164830958
    },
    {
      "path": "SimObjects/Airplanes/hamman2118-banana-duck/panel/panel.cfg",
      "size": 20,
      "date": 133487918175042986
    },
    {
      "path": "SimObjects/Airplanes/hamman2118-banana-duck/sound/sound.xml",
      "size": 163,
      "date": 133487918175052958
    },
    {
      "path": "SimObjects/Airplanes/hamman2118-banana-duck/soundai/soundai.xml",
      "size": 179,
      "date": 133487918175062935
    },
    {
      "path": "SimObjects/Airplanes/hamman2118-banana-duck/systems.cfg",
      "size": 6024,
      "date": 133487918174942633
    },
    {
      "path": "SimObjects/Airplanes/hamman2118-banana-duck/texture/thumbnail.JPG",
      "size": 77520,
      "date": 133487966164688779
    },
    {
      "path": "SimObjects/Airplanes/hamman2118-banana-duck/texture/thumbnail_small.JPG",
      "size": 15770,
      "date": 133487966172953798
    }
  ]
}